x	xend	y	yend
75.1315789473684	101.184210526316	75.1315789473684	101.184210526316
