x	xend	y	yend
-0.146079050677422	3.06766006422587	-0.146079050677422	3.06766006422587
