x	xend	y	yend
0.7194140625	1.01336123511905	0.7194140625	1.01336123511905
